codestr,producto,descripcion
Katrine,Wykes,kwykes0@shareasale.com
Dacy,Zielinski,dzielinski1@addthis.com
Georges,Kulic,gkulic2@ucla.edu
Nelia,Norree,tnorree3@goo.ne.jp
Nelia,Congrave,mcongrave4@livejournal.com
Rod,Hufton,rhufton5@fda.gov
Patten,Brinkler,pbrinkler6@nsw.gov.au
Nelia,Grayston,ngrayston7@wix.com
Forest,Neumann,fneumann8@infoseek.co.jp
Liesa,Zini,lzini9@fastcompany.com
Pablo,Vedeniktov,pvedeniktova@t.co
Murial,Pisco,mpiscob@latimes.com
Malcolm,Caffin,mcaffinc@godaddy.com
Kiele,Hallex,khallexd@squidoo.com
Nelia,Dreinan,cdreinane@msu.edu
Barbaraanne,Blumsom,bblumsomf@irs.gov
Rudiger,Almey,ralmeyg@eepurl.com
Walt,McMains,wmcmainsh@cnet.com
Nelia,Stanhope,rstanhopei@miitbeian.gov.cn
Dulcia,Jakubiak,djakubiakj@webs.com
Albina,Keepence,akeepencek@quantcast.com
Basil,Simkins,bsimkinsl@java.com
Lawry,Bynert,lbynertm@senate.gov
Nelia,Gillett,sgillettn@unblog.fr
Aurelia,Laphorn,alaphorno@123-reg.co.uk
